anchor	proxy	r2
rs549845	rs11210871	0.85665
rs549845	rs3001723	0.903168
rs549845	rs11210887	1
rs549845	rs549845	1
rs549845	rs499257	0.882053
rs549845	rs603542	0.885914
rs549845	rs653953	0.857683
rs549845	rs1143702	0.857683
rs549845	rs11429972	0.831757
rs549845	rs2970610	0.885914
rs549845	rs11210892	0.885914
rs549845	rs2367724	0.846664
rs4916723	rs4916723	1
rs4916723	rs17422060	0.835097
rs4916723	rs62369151	0.838797
rs4916723	rs56022653	0.838797
rs4916723	rs226488	0.838797
rs4916723	rs324886	0.838797
rs2582895	rs11030380	0.86033
rs2582895	rs7127383	0.86033
rs2582895	rs11030381	0.885072
rs2582895	rs2582895	1
rs2582895	rs2585817	1
rs2582895	rs7128734	1
rs2582895	rs11030382	1
rs2582895	rs10835360	0.995667
rs2582895	rs7952220	0.995667
rs2582895	rs4923546	0.995667
rs2582895	rs4378371	0.995667
rs2582895	rs371073751	0.995667
rs2582895	rs201902037	0.97409
rs2582895	rs4520584	0.995667
rs2582895	rs2585813	0.982847
rs2582895	rs2585814	0.995667
rs2582895	rs2582896	0.995667
rs2582895	rs2582897	0.995667
rs2582895	rs10742196	0.995667
rs2582895	rs4244537	0.995667
rs2582895	rs10835361	0.995667
rs2582895	rs2585811	0.995667
rs2582895	rs10767727	0.995667
rs2582895	rs7931440	0.978568
rs2582895	rs11030384	0.829467
rs2582895	rs4442537	0.827175
rs2582895	rs10835362	0.827175
rs2582895	rs10835363	0.827175
rs2582895	rs10835364	0.827175
rs2582895	rs57806515	0.827175
rs2582895	rs11030385	0.823331
rs2582895	rs10835365	0.827175
rs2582895	rs11821132	0.827175
rs2582895	rs59617050	0.827175
rs2582895	rs12226610	0.827175
rs2582895	rs11030386	0.827175
rs2582895	rs11030387	0.827175
rs2582895	rs10767729	0.827175
rs2582895	rs10767730	0.827175
rs2582895	rs35236058	0.827175
rs2582895	rs7110556	0.827175
rs2582895	rs4923549	0.827175
rs2582895	rs4923550	0.827175
rs2582895	rs12221661	0.823247
rs2582895	rs12226518	0.827175
rs2582895	rs12226542	0.827175
rs2582895	rs10767732	0.827175
rs2582895	rs10767733	0.818508
rs2582895	rs10767735	0.81298
rs2582895	rs4636654	0.820846
rs77960	rs2431108	0.995478
rs77960	rs173823	0.995478
rs77960	rs171697	0.99105
rs77960	rs77960	1
rs77960	rs30266	1
rs77960	rs202184127	0.950166
rs77960	rs12055234	0.880341
rs77960	rs147105305	0.847213
rs77960	rs161645	0.910309
rs77960	rs6421926	0.897603
rs77960	rs60271	0.905784
rs77960	rs323509	0.905784
rs6082363	rs6047339	0.985739
rs6082363	rs6082363	1
rs6082363	rs4813421	0.943652
rs6082363	rs6047345	0.943652
rs6082363	rs6047346	0.943652
rs6082363	rs6047348	0.925291
rs6082363	rs6035826	0.925291
rs6082363	rs6035827	0.920526
rs6082363	rs6047353	0.925291
rs6082363	rs4815036	0.929793
rs6082363	rs6035830	0.925291
rs6082363	rs6035831	0.925291
rs6082363	rs726024	0.925291
rs6082363	rs6075788	0.925291
rs6082363	rs6047358	0.925291
rs6082363	rs2328622	0.925291
rs6082363	rs377504837	0.925291
rs6082363	rs4813422	0.925291
rs6082363	rs6082372	0.925291
rs6082363	rs6035834	0.925291
rs6082363	rs6035835	0.925291
rs6082363	rs6047359	0.925291
rs6082363	rs6047360	0.925291
rs6082363	rs6047361	0.925291
rs6082363	rs4815038	0.925291
rs6082363	rs6113185	0.925291
rs6082363	rs6035837	0.925291
rs6082363	rs6075789	0.925291
rs6082363	rs4813424	0.934321
rs6082363	rs6082377	0.934321
rs6082363	rs7266341	0.925418
rs6082363	rs6035839	0.925418
rs6082363	rs6035840	0.925418
rs6082363	rs6082384	0.925418
rs6082363	rs6035841	0.925418
rs6082363	rs6047370	0.925418
rs6082363	rs6047371	0.925418
rs6082363	rs2064758	0.920925
rs6082363	rs1359761	0.92957
rs6082363	rs4813425	0.925418
rs6082363	rs6047372	0.925418
rs6082363	rs6047374	0.92957
rs6082363	rs199752674	0.92957
rs6082363	rs1327153	0.925035
rs6082363	rs371197898	0.916041
rs6082363	rs6047377	0.92957
rs6082363	rs1546997	0.92957
rs6082363	rs1546998	0.92957
rs6082363	rs4813426	0.92957
rs6082363	rs6047380	0.92957
rs6082363	rs4496388	0.92957
rs6082363	rs13043724	0.92957
rs6082363	rs6047389	0.92957
rs6082363	rs1958122	0.92957
rs6082363	rs6047395	0.925035
rs6082363	rs6047396	0.92957
rs6082363	rs6035852	0.924854
rs6082363	rs6035853	0.924854
rs6082363	rs6082393	0.924854
rs6082363	rs6075794	0.924854
rs6082363	rs1409816	0.92957
rs6082363	rs4497932	0.92957
rs6082363	rs6047404	0.916909
rs6082363	rs6035860	0.920925
rs6082363	rs4815041	0.920925
rs6082363	rs4815042	0.920925
rs6082363	rs200911433	0.920925
rs6082363	rs6047405	0.920925
rs6082363	rs6035862	0.920925
rs6082363	rs6047407	0.920925
rs6082363	rs59239603	0.920925
rs6082363	rs6047414	0.920925
rs6082363	rs6035865	0.920925
rs6082363	rs1555946	0.920925
rs9969232	rs4727799	0.980034
rs9969232	rs9969232	1
rs9969232	rs7797335	0.861822
rs9969232	rs2189012	0.857677
rs9969232	rs1229762	0.865214
rs9969232	rs1229761	0.865214
rs9969232	rs1229760	0.865214
rs9969232	rs12705966	0.881154
rs9969232	rs2045292	0.85881
rs188582	rs2362108	0.820142
rs188582	rs2362109	0.820142
rs188582	rs2362111	0.820142
rs188582	rs17487515	0.820142
rs188582	rs17559709	0.820142
rs188582	rs4145738	0.820142
rs188582	rs57055575	0.820142
rs188582	rs4373304	0.820142
rs188582	rs11749060	0.820142
rs188582	rs55740951	0.822703
rs188582	rs4518438	0.968072
rs188582	rs7730255	0.816799
rs188582	rs56947091	0.968072
rs188582	rs12054920	0.991934
rs188582	rs61104616	0.991934
rs188582	rs188582	1
rs188582	rs1671539	1
rs188582	rs797419	1
rs188582	rs304138	1
rs188582	rs304137	1
rs188582	rs304136	0.995942
rs188582	rs216057	1
rs188582	rs188581	0.837741
rs17576773	rs79573484	1
rs17576773	rs200199829	1
rs17576773	rs56331412	1
rs17576773	rs17576773	1
rs17576773	rs17638593	1
rs17576773	rs17576924	0.851648
rs17576773	rs77216804	1
rs17576773	rs12500836	0.93081
rs17576773	rs28391418	0.883413
rs17576773	rs76729396	0.892606
rs17576773	rs76675076	0.892606
rs17576773	rs28865977	0.892606
rs17576773	rs12505218	0.883413
rs17576773	rs7665430	0.892606
rs17576773	rs12503582	0.892606
rs17576773	rs77767351	0.881953
rs114142727	rs187784102	0.822747
rs114142727	rs114142727	1
rs2886697	rs2366534	0.982735
rs2886697	rs62237502	0.986905
rs2886697	rs62237503	0.991303
rs2886697	rs62237504	0.991303
rs2886697	rs1846723	0.991246
rs2886697	rs1500422	0.991303
rs2886697	rs56285459	0.99139
rs2886697	rs55712289	0.995655
rs2886697	rs1604133	0.995655
rs2886697	rs2886697	1
rs2886697	rs55686218	1
rs2886697	rs56135409	0.991269
rs2886697	rs4858250	0.995624
rs2886697	rs4858251	0.995624
rs2886697	rs4858253	0.982539
rs76284431	rs8011129	0.892636
rs76284431	rs79826946	0.892636
rs76284431	rs76284431	1
rs76284431	rs78162132	0.869873
rs76284431	rs78080879	0.841621
rs76284431	rs12589260	0.853187
rs76284431	rs78745380	0.857722
rs76284431	rs12590023	0.848931
rs76284431	rs74469887	0.841621
rs76284431	rs1954554	0.841621
rs76284431	rs79312175	0.841621
rs76284431	rs1892231	0.841621
rs76284431	rs77383841	0.841621
rs76284431	rs1959996	0.816611
rs76284431	rs12590386	0.816611
rs1162202	rs1162202	1
rs704061	rs704067	0.956134
rs704061	rs2279574	0.98503
rs704061	rs72513434	0.992483
rs704061	rs10506971	0.992483
rs704061	rs1427829	0.992483
rs704061	rs1427828	0.996238
rs704061	rs12819667	0.996238
rs704061	rs3990314	1
rs704061	rs704061	1
rs704061	rs10506965	0.966293
rs704061	rs770083	0.970001
rs704061	rs770082	0.909756
rs704061	rs200837802	0.970001
rs17718444	rs62246015	0.895701
rs17718444	rs62246017	0.907722
rs17718444	rs17718444	1
rs17718444	rs17656627	0.965954
rs17718444	rs17718640	0.922501
rs17718444	rs76204832	0.970071
rs17718444	rs62246055	0.974544
rs17718444	rs6549391	0.958094
rs17718444	rs62247167	0.948875
rs17718444	rs62247168	0.948875
rs17718444	rs62247169	0.948875
rs17718444	rs62247170	0.948875
rs17718444	rs62247171	0.948875
rs17718444	rs60281674	0.948875
rs17718444	rs62247173	0.944869
rs17718444	rs59404643	0.948875
rs17718444	rs60405683	0.948875
rs17718444	rs6549392	0.944869
rs17718444	rs7617592	0.940937
rs17718444	rs6549393	0.948875
rs17718444	rs73837358	0.948875
rs17718444	rs55863231	0.96177
rs17718444	rs62247034	0.957758
rs17718444	rs76187633	0.944869
rs17718444	rs73837362	0.940697
rs17718444	rs62247035	0.944869
rs17718444	rs6789751	0.944869
rs17718444	rs6798184	0.944869
rs17718444	rs57462727	0.944869
rs17718444	rs7638354	0.940937
rs17718444	rs6549395	0.940937
rs17718444	rs10222594	0.936513
rs17718444	rs9853072	0.940694
rs17718444	rs17718736	0.936513
rs17718444	rs112743340	0.932176
rs113551349	rs113551349	1
rs2025286	rs9342783	0.996073
rs2025286	rs3831024	0.992162
rs2025286	rs2296013	0.996073
rs2025286	rs6935524	0.996073
rs2025286	rs9364074	0.996073
rs2025286	rs3841703	0.996073
rs2025286	rs6919535	0.996073
rs2025286	rs9454992	0.996073
rs2025286	rs7762409	0.996073
rs2025286	rs6933023	0.99213
rs2025286	rs9454993	0.996073
rs2025286	rs2025286	1
rs2025286	rs2025285	1
rs2025286	rs2025284	1
rs2025286	rs3806041	0.996073
rs2025286	rs3818327	0.996073
rs2025286	rs6928404	0.926369
rs2025286	rs9294858	0.926369
rs2025286	rs9294859	0.926369
rs2025286	rs9354906	0.926369
rs2025286	rs3736843	0.926369
rs2025286	rs2229799	0.926369
rs2025286	rs9354907	0.926369
rs1438898	rs17479393	0.935974
rs1438898	rs148912137	0.93603
rs1438898	rs143288026	0.828666
rs1438898	rs72854415	0.949099
rs1438898	rs72854416	0.95423
rs1438898	rs10928235	0.959992
rs1438898	rs58117425	0.880486
rs1438898	rs11680871	0.95423
rs1438898	rs11684042	0.959863
rs1438898	rs75153133	0.96562
rs1438898	rs144495495	0.959992
rs1438898	rs11682379	0.959863
rs1438898	rs1371044	0.886288
rs1438898	rs1438898	1
rs1438898	rs72854462	1
rs1438898	rs55944332	0.920205
rs10875612	rs72543407	0.996016
rs10875612	rs2190794	0.996034
rs10875612	rs10875612	1
rs10875612	rs2190789	0.996016
rs10875612	rs7447393	0.81422
rs10875612	rs6862136	0.806528
rs10875612	rs10071014	0.80337
rs10875612	rs34124462	0.81769
rs10875612	rs34177852	0.81041
rs10875612	rs6875288	0.805651
rs10875612	rs10454999	0.81041
rs10875612	rs3995520	0.81041
rs10875612	rs4256374	0.814533
rs10875612	rs6884441	0.81041
rs10875612	rs7710868	0.802208
rs9877066	rs17473616	0.959331
rs9877066	rs145682061	0.959331
rs9877066	rs116248506	0.979282
rs9877066	rs114936850	0.979282
rs9877066	rs139099655	0.979282
rs9877066	rs77900081	0.979282
rs9877066	rs114833281	0.979282
rs9877066	rs17474028	0.979282
rs9877066	rs17408953	0.979282
rs9877066	rs17409162	0.979282
rs9877066	rs367901725	0.979282
rs9877066	rs373011123	0.979282
rs9877066	rs56389778	0.979282
rs9877066	rs77447893	0.979282
rs9877066	rs78278487	0.979282
rs9877066	rs139927136	0.979282
rs9877066	rs147308084	0.979282
rs9877066	rs186407585	0.961181
rs9877066	rs190708443	0.979282
rs9877066	rs185527776	0.979282
rs9877066	rs150536743	1
rs9877066	rs77513374	1
rs9877066	rs115111850	1
rs9877066	rs78080496	1
rs9877066	rs149995977	1
rs9877066	rs79233745	1
rs9877066	rs75595272	1
rs9877066	rs201412269	1
rs9877066	rs79488038	1
rs9877066	rs6762850	1
rs9877066	rs10647741	1
rs9877066	rs7617071	1
rs9877066	rs9831055	1
rs9877066	rs144481271	1
rs9877066	rs78097683	1
rs9877066	rs9856765	1
rs9877066	rs9872385	0.979282
rs9877066	rs9877066	1
rs9877066	rs144948980	0.87731
rs9877066	rs55659203	0.87731
rs9877066	rs17320869	0.898147
rs9877066	rs9831161	0.898147
rs9877066	rs138120973	0.898147
rs9877066	rs111308329	0.87731
rs9877066	rs17321267	0.87731
rs9877066	rs740837	0.856568
rs7844069	rs13280948	0.826199
rs7844069	rs1444501	0.975712
rs7844069	rs4392874	0.845975
rs7844069	rs2339583	0.845975
rs7844069	rs7844069	1
rs7844069	rs1444504	0.845975
rs7844069	rs7002652	0.845975
rs7844069	rs7014625	0.838082
rs7844069	rs13282281	0.834016
rs7844069	rs12681205	0.834016
rs4925811	rs4925826	0.860007
rs4925811	rs67392224	0.851869
rs4925811	rs10435711	0.863311
rs4925811	rs7014426	0.832145
rs4925811	rs7003836	0.834942
rs4925811	rs1055167	0.856637
rs4925811	rs201794926	0.818972
rs4925811	rs12682297	0.874702
rs4925811	rs7387910	0.874702
rs4925811	rs10902782	0.855823
rs4925811	rs3816732	0.895963
rs4925811	rs2721150	0.877935
rs4925811	rs2721197	0.877935
rs4925811	rs13254911	0.87394
rs4925811	rs1063739	0.870551
rs4925811	rs2279243	0.877992
rs4925811	rs756627	0.868048
rs4925811	rs4244610	0.881451
rs4925811	rs4251691	0.870564
rs4925811	rs4244611	0.907755
rs4925811	rs4251689	0.900866
rs4925811	rs2306386	0.838859
rs4925811	rs2721173	0.903771
rs4925811	rs3757966	0.919
rs4925811	rs2721138	0.903312
rs4925811	rs9071	0.914868
rs4925811	rs2721142	0.914868
rs4925811	rs11557085	0.880289
rs4925811	rs57772329	0.893626
rs4925811	rs10110962	0.957223
rs4925811	rs4925811	1
rs4925811	rs4925812	0.97258
rs4925811	rs6989368	0.928285
rs4925811	rs13275065	0.96505
rs4925811	rs28970743	0.9158
rs4925811	rs10108836	0.964648
rs4925811	rs4333644	0.887929
rs4925811	rs2976602	0.945589
rs4925811	rs12719778	0.869325
rs4925811	rs997258	0.861903
rs4925811	rs4532636	0.822043
rs4925811	rs13258307	0.861442
rs76857496	rs11662763	0.8579
rs76857496	rs75809161	0.8579
rs76857496	rs7506228	0.898793
rs76857496	rs11659521	0.912643
rs76857496	rs76857496	1
rs76857496	rs79182360	1
rs76857496	rs1940594	0.910087
rs76857496	rs60322265	0.910087
rs76857496	rs116558165	0.910087
rs76857496	rs9959236	0.910087
rs76857496	rs77781808	0.98399
rs76857496	rs16948887	0.910087
rs76857496	rs7234672	0.910087
rs76857496	rs1940595	0.910087
rs76857496	rs16948895	0.894341
rs76857496	rs11665356	0.902193
rs76857496	rs11662025	0.902193
rs76857496	rs1940598	0.88653
rs7506904	rs6417120	0.826417
rs7506904	rs74178698	0.812474
rs7506904	rs8088299	0.812394
rs7506904	rs7506428	0.821634
rs7506904	rs8085965	0.812394
rs7506904	rs7505888	0.822466
rs7506904	rs7505807	0.818335
rs7506904	rs6508188	0.809051
rs7506904	rs9949949	0.809641
rs7506904	rs7505556	0.830404
rs7506904	rs28718037	0.820828
rs7506904	rs13381767	0.820022
rs7506904	rs6508190	0.838488
rs7506904	rs7506784	0.830404
rs7506904	rs7506999	0.830404
rs7506904	rs6508193	0.805196
rs7506904	rs11874659	0.820828
rs7506904	rs28629395	0.831112
rs7506904	rs4129323	0.830404
rs7506904	rs35840237	0.942843
rs7506904	rs9949889	0.946799
rs7506904	rs9949928	0.942827
rs7506904	rs3922754	0.946842
rs7506904	rs4078161	0.951587
rs7506904	rs7504413	0.930122
rs7506904	rs55808525	0.96459
rs7506904	rs56132959	0.91494
rs7506904	rs62099176	0.977697
rs7506904	rs62099178	0.964224
rs7506904	rs138056809	0.977697
rs7506904	rs143482911	0.977697
rs7506904	rs8088552	0.968986
rs7506904	rs9952089	0.960317
rs7506904	rs35751804	0.911385
rs7506904	rs4453578	0.973402
rs7506904	rs4444405	0.969095
rs7506904	rs4270245	0.973402
rs7506904	rs4456578	0.969095
rs7506904	rs4426414	0.977697
rs7506904	rs9947827	0.968986
rs7506904	rs9947905	0.968986
rs7506904	rs7506783	0.982133
rs7506904	rs7506904	1
rs7506904	rs4602107	0.982133
rs7506904	rs11876419	0.973402
rs7506904	rs72442751	0.982133
rs7506904	rs7226390	0.973281
rs7506904	rs4497765	0.959971
rs7506904	rs9946519	0.955494
rs7506904	rs7235008	0.959971
rs7506904	rs8083719	0.96459
rs7506904	rs10163983	0.96459
rs7506904	rs8089270	0.973281
rs7506904	rs4638654	0.973281
rs7506904	rs4474758	0.977697
rs7506904	rs4534924	0.977697
rs7506904	rs8088666	0.955938
rs7506904	rs12970188	0.968886
rs7506904	rs4548946	0.960215
rs7506904	rs12454410	0.968916
rs7506904	rs4371227	0.968886
rs7506904	rs12607872	0.960215
rs7506904	rs12966225	0.960215
rs7506904	rs4530205	0.96459
rs7506904	rs4315409	0.960215
rs7506904	rs4349221	0.96459
rs7506904	rs12965244	0.96459
rs7506904	rs4578737	0.960215
rs7506904	rs4423490	0.960215
rs7506904	rs12457189	0.968886
rs7506904	rs12456646	0.960215
rs7506904	rs4939723	0.973281
rs7506904	rs12967441	0.96459
rs7506904	rs12967822	0.96459
rs7506904	rs12454142	0.960304
rs7506904	rs948524	0.960304
rs7506904	rs12454839	0.968916
rs7506904	rs8089296	0.865657
rs7506904	rs10502959	0.96453
rs7506904	rs35133257	0.96453
rs7506904	rs12605603	0.955938
rs7506904	rs9955274	0.853523
rs7506904	rs11082969	0.955938
rs7506904	rs11082970	0.955938
rs7506904	rs34162293	0.955938
rs7506904	rs9944703	0.865657
rs7506904	rs6508197	0.860614
rs7506904	rs3819116	0.85671
rs7506904	rs9963392	0.867119
rs7506904	rs9963399	0.867119
rs7506904	rs9957223	0.860614
rs7506904	rs4245253	0.867119
rs7506904	rs4245254	0.860614
rs7506904	rs4636988	0.860614
rs7506904	rs4264463	0.867119
rs7506904	rs4940240	0.867119
rs7506904	rs4940241	0.867119
rs7506904	rs4940242	0.96453
rs7506904	rs28679630	0.860614
rs7506904	rs28631779	0.865657
rs7506904	rs4513167	0.982112
rs7506904	rs9953629	0.856314
rs7506904	rs9964447	0.856314
rs7506904	rs200749807	0.856314
rs7506904	rs4380113	0.860614
rs7506904	rs4380114	0.865657
rs7506904	rs4525560	0.857445
rs7506904	rs4940243	0.860614
rs7506904	rs7226571	0.860614
rs7506904	rs4245256	0.860614
rs7506904	rs4410149	0.860614
rs7506904	rs5824993	0.96453
rs7506904	rs4359515	0.860614
rs7506904	rs4444404	0.867119
rs7506904	rs4372757	0.867119
rs7506904	rs4940244	0.865657
rs7506904	rs9959914	0.865657
rs7506904	rs9949312	0.865657
rs7506904	rs12457406	0.865657
rs7506904	rs70944617	0.857069
rs7506904	rs4245257	0.865657
rs7506904	rs4939724	0.865657
rs7506904	rs4940245	0.968916
rs7506904	rs4614799	0.968916
rs7506904	rs4291978	0.860614
rs7506904	rs9949444	0.855586
rs7506904	rs151172322	0.96453
rs7506904	rs200405176	0.852525
rs7506904	rs147465777	0.964387
rs7506904	rs4419125	0.860377
rs7506904	rs12455474	0.868687
rs7506904	rs2000696	0.968916
rs7506904	rs12454147	0.968916
rs7506904	rs12456765	0.863631
rs7506904	rs12454116	0.863631
rs7506904	rs8083850	0.863631
rs7506904	rs4940246	0.959971
rs7506904	rs12604508	0.951289
rs7506904	rs55957902	0.804088
rs7506904	rs72923258	0.955675
rs7506904	rs11661696	0.875038
rs7506904	rs1821075	0.874507
rs7506904	rs35916734	0.889137
rs7506904	rs11660990	0.87297
rs7506904	rs11664095	0.801698
rs7506904	rs1811358	0.823994
rs7506904	rs11082974	0.831218
rs7506904	rs10853628	0.823994
rs7506904	rs876553	0.844572
rs7506904	rs142130493	0.840591
rs113369914	rs113369914	1
rs6537401	rs1864371	0.836821
rs6537401	rs11729547	0.841274
rs6537401	rs11721669	0.836821
rs6537401	rs11721815	0.836821
rs6537401	rs10446779	0.836821
rs6537401	rs10446780	0.841274
rs6537401	rs10446755	0.836821
rs6537401	rs3948408	0.836821
rs6537401	rs28393640	0.836821
rs6537401	rs72727922	0.841274
rs6537401	rs4835286	0.836821
rs6537401	rs56289966	0.836821
rs6537401	rs11940961	0.836418
rs6537401	rs11725678	0.836821
rs6537401	rs62326764	0.837278
rs6537401	rs6537399	0.841274
rs6537401	rs4549398	0.841773
rs6537401	rs2007366	0.858716
rs6537401	rs10000407	0.858716
rs6537401	rs17756056	0.849742
rs6537401	rs17021106	0.91573
rs6537401	rs7695415	0.858716
rs6537401	rs6832576	0.858716
rs6537401	rs6537400	0.858716
rs6537401	rs56174047	0.879268
rs6537401	rs11728525	0.878418
rs6537401	rs11724307	0.882905
rs6537401	rs17756234	0.914876
rs6537401	rs6838458	0.914876
rs6537401	rs6856647	0.918637
rs6537401	rs11723069	0.931252
rs6537401	rs11730306	0.931252
rs6537401	rs62326797	0.931252
rs6537401	rs919482	0.99159
rs6537401	rs1865531	0.99159
rs6537401	rs3756083	0.99159
rs6537401	rs3733460	0.99159
rs6537401	rs3733459	0.99159
rs6537401	rs3733458	0.99159
rs6537401	rs6815527	0.99159
rs6537401	rs6858813	0.99159
rs6537401	rs6820462	0.99159
rs6537401	rs7665079	0.99159
rs6537401	rs11721367	0.99159
rs6537401	rs28420466	0.99159
rs6537401	rs4282199	0.99159
rs6537401	rs6537401	1
rs6537401	rs3775498	0.98749
rs6537401	rs3815967	0.962365
rs6537401	rs7657269	0.89742
rs6537401	rs9308199	0.962365
rs6537401	rs17757522	0.89742
rs6537401	rs919483	0.89742
rs6537401	rs370720130	0.822026
rs6537401	rs17814023	0.885418
rs6537401	rs141899653	0.885418
rs6537401	rs6839123	0.885418
rs6537401	rs6839141	0.885418
rs6537401	rs17814065	0.885418
rs6537401	rs56279747	0.885418
rs6537401	rs56333123	0.885418
rs6537401	rs72727944	0.88106
rs6537401	rs62326801	0.885418
rs6537401	rs62326802	0.885418
rs6537401	rs6816161	0.885418
rs6537401	rs17757685	0.885418
rs6537401	rs17757715	0.885418
rs6537401	rs7745	0.885418
rs6537401	rs3756082	0.885418
rs6537401	rs3756081	0.945329
rs6537401	rs10519776	0.885418
rs6537401	rs17814503	0.885418
rs6537401	rs17758092	0.88106
rs6537401	rs112381992	0.885418
rs6537401	rs17021217	0.881464
rs6537401	rs2068009	0.885418
rs6537401	rs17814598	0.885418
rs6537401	rs62326804	0.885418
rs6537401	rs6824313	0.885418
rs6537401	rs6537402	0.94948
rs6537401	rs55736910	0.885418
rs6537401	rs369594423	0.88106
rs6537401	rs6844381	0.885418
rs6537401	rs6537403	0.94948
rs6537401	rs11733347	0.885418
rs6537401	rs2115797	0.885418
rs6537401	rs5862755	0.881464
rs6537401	rs2115796	0.885418
rs6537401	rs2163171	0.885418
rs6537401	rs17758396	0.885418
rs6537401	rs17758420	0.885418
rs6537401	rs375522557	0.885418
rs6537401	rs11100919	0.885418
rs6537401	rs11728609	0.885418
rs6537401	rs6821066	0.885418
rs6537401	rs6821444	0.945329
rs6537401	rs6821479	0.885418
rs6537401	rs6821863	0.94948
rs6537401	rs11729787	0.885418
rs6537401	rs2164280	0.945329
rs6537401	rs12152709	0.885418
rs6537401	rs12152657	0.885418
rs6537401	rs12152692	0.945329
rs6537401	rs11721873	0.869558
rs6537401	rs62326848	0.881324
rs2582908	rs10767714	0.969464
rs2582908	rs10835313	0.984667
rs2582908	rs11030295	0.969377
rs2582908	rs71480184	0.984654
rs2582908	rs10835314	0.973261
rs2582908	rs12360793	0.973261
rs2582908	rs11030297	0.973261
rs2582908	rs10835316	0.973261
rs2582908	rs6484367	0.962049
rs2582908	rs11030298	0.812989
rs2582908	rs10835317	0.922063
rs2582908	rs12788184	0.868644
rs2582908	rs202000857	0.957816
rs2582908	rs11030300	0.988479
rs2582908	rs12791265	0.973261
rs2582908	rs7111968	0.988479
rs2582908	rs7112692	0.988479
rs2582908	rs7112646	0.988479
rs2582908	rs76371122	0.973261
rs2582908	rs200370809	0.889481
rs2582908	rs76787789	0.882413
rs2582908	rs370949073	0.953993
rs2582908	rs201382568	0.965509
rs2582908	rs145811633	0.988479
rs2582908	rs138660800	0.988479
rs2582908	rs7129135	0.988479
rs2582908	rs7129440	0.973261
rs2582908	rs7129166	0.973261
rs2582908	rs7129587	0.969479
rs2582908	rs202208270	0.988479
rs2582908	rs200320401	0.944224
rs2582908	rs201481318	0.948387
rs2582908	rs199786448	0.969731
rs2582908	rs10835319	0.973261
rs2582908	rs11493472	0.988479
rs2582908	rs200313337	0.851401
rs2582908	rs4922803	0.973261
rs2582908	rs7120537	0.973261
rs2582908	rs4923530	0.973261
rs2582908	rs7124325	0.988479
rs2582908	rs4923531	0.973261
rs2582908	rs11030307	0.973261
rs2582908	rs11030308	0.973261
rs2582908	rs11030309	0.973261
rs2582908	rs11030310	0.988479
rs2582908	rs10767719	0.973261
rs2582908	rs11030316	0.973261
rs2582908	rs11512180	0.973261
rs2582908	rs11512181	0.988479
rs2582908	rs11493473	0.973261
rs2582908	rs11493474	0.973261
rs2582908	rs7948373	0.973261
rs2582908	rs4545540	0.973261
rs2582908	rs34470137	0.988479
rs2582908	rs10835321	0.973261
rs2582908	rs10835322	0.973261
rs2582908	rs4923533	0.988479
rs2582908	rs4923534	0.973261
rs2582908	rs4923535	0.973261
rs2582908	rs12366018	0.980845
rs2582908	rs7104616	0.973261
rs2582908	rs11030323	0.872897
rs2582908	rs10767722	0.973261
rs2582908	rs7931194	0.973261
rs2582908	rs7931626	0.872897
rs2582908	rs10835323	0.969377
rs2582908	rs4923536	0.862746
rs2582908	rs7947147	0.984654
rs2582908	rs7945246	0.988479
rs2582908	rs11030324	0.992304
rs2582908	rs4433557	0.992304
rs2582908	rs6484371	0.992304
rs2582908	rs7126224	0.984639
rs2582908	rs10835325	0.977089
rs2582908	rs10835326	0.977089
rs2582908	rs10835327	0.973308
rs2582908	rs10835328	0.973308
rs2582908	rs7931948	0.977089
rs2582908	rs7932458	0.977089
rs2582908	rs11030328	0.981003
rs2582908	rs11030329	0.977089
rs2582908	rs11030330	0.988464
rs2582908	rs10835332	0.977089
rs2582908	rs11030331	0.992304
rs2582908	rs11030332	0.977089
rs2582908	rs61890890	0.992304
rs2582908	rs201231397	0.977089
rs2582908	rs201063881	0.992304
rs2582908	rs199809619	0.973189
rs2582908	rs7479686	0.977089
rs2582908	rs7947030	0.977089
rs2582908	rs4543974	0.981003
rs2582908	rs7947768	0.977089
rs2582908	rs7130471	0.977089
rs2582908	rs4244535	0.981003
rs2582908	rs4627061	0.977089
rs2582908	rs7945266	0.973189
rs2582908	rs17651504	0.977089
rs2582908	rs71050960	1
rs2582908	rs10767724	0.977089
rs2582908	rs10835335	0.977089
rs2582908	rs10835336	0.988464
rs2582908	rs11030334	0.992304
rs2582908	rs7111851	0.977089
rs2582908	rs11030336	0.977089
rs2582908	rs6484372	0.977089
rs2582908	rs10835338	0.988478
rs2582908	rs11030339	0.977089
rs2582908	rs10767725	0.977089
rs2582908	rs11030341	0.973378
rs2582908	rs10835339	0.977089
rs2582908	rs7127278	0.977089
rs2582908	rs7127321	0.981003
rs2582908	rs7130732	0.977089
rs2582908	rs7105555	0.977089
rs2582908	rs11030344	0.977089
rs2582908	rs34218632	0.939945
rs2582908	rs7103868	0.992304
rs2582908	rs7118730	0.992304
rs2582908	rs4923541	0.992304
rs2582908	rs12274444	0.977089
rs2582908	rs873756	0.977089
rs2582908	rs2002304	0.977089
rs2582908	rs7107532	0.977089
rs2582908	rs7108518	0.992304
rs2582908	rs10835341	0.977089
rs2582908	rs11603115	0.992304
rs2582908	rs10835342	0.977089
rs2582908	rs201591095	0.992304
rs2582908	rs1443127	0.977089
rs2582908	rs10742195	0.981003
rs2582908	rs11030345	0.977089
rs2582908	rs12361005	0.977089
rs2582908	rs10835343	0.977089
rs2582908	rs4547081	0.977089
rs2582908	rs17573971	0.977089
rs2582908	rs7123683	0.992304
rs2582908	rs2582900	0.977089
rs2582908	rs17574195	0.992304
rs2582908	rs868607	0.984784
rs2582908	rs4417256	0.992335
rs2582908	rs1584035	0.984784
rs2582908	rs1811450	0.980884
rs2582908	rs2582904	0.980884
rs2582908	rs2582905	0.99616
rs2582908	rs12577283	0.977159
rs2582908	rs2007527	0.99616
rs2582908	rs4489727	0.99616
rs2582908	rs10767726	1
rs2582908	rs10835347	0.992335
rs2582908	rs17574853	0.99616
rs2582908	rs34108532	0.988464
rs2582908	rs2582908	1
rs2582908	rs10835349	0.951612
rs2582908	rs10835350	0.951612
rs2582908	rs12365038	0.951612
rs2582908	rs11030354	0.955443
rs2582908	rs6484373	0.951783
rs2582908	rs4359193	0.955443
rs2582908	rs7944587	0.955443
rs2582908	rs7944588	0.955443
rs2582908	rs11030357	0.951783
rs2582908	rs61889192	0.947937
rs2582908	rs1074267	0.947937
rs2582908	rs10835351	0.951612
rs2582908	rs11030358	0.955443
rs2582908	rs4465354	0.955443
rs2582908	rs12363459	0.951612
rs2582908	rs10501099	0.947825
rs2582908	rs7944721	0.951612
rs2582908	rs17653348	0.955443
rs2582908	rs35347860	0.951783
rs2582908	rs10501100	0.951612
rs2582908	rs4922805	0.951612
rs2582908	rs1838061	0.951612
rs2582908	rs4922806	0.951612
rs2582908	rs10835353	0.947937
rs2582908	rs10835354	0.951612
rs2582908	rs10835355	0.951612
rs2582908	rs7935201	0.951612
rs2582908	rs990845	0.951612
rs2582908	rs990846	0.951612
rs2582908	rs4598653	0.947937
rs2582908	rs12790029	0.947937
rs2582908	rs10501101	0.951612
rs2582908	rs7480281	0.951612
rs2582908	rs34894163	0.947937
rs2582908	rs11030367	0.951612
rs2582908	rs9645634	0.951612
rs2582908	rs17653807	0.951612
rs2582908	rs11030368	0.951612
rs2582908	rs9645613	0.951612
rs2582908	rs9645635	0.947937
rs2582908	rs11030370	0.951612
rs2582908	rs11605699	0.951612
rs2582908	rs11030371	0.951612
rs2582908	rs11030372	0.947937
rs2582908	rs4923544	0.955116
rs2582908	rs10835356	0.951612
rs2582908	rs1838059	0.951612
rs2582908	rs10835357	0.951612
rs2582908	rs11030374	0.947937
rs2582908	rs7108101	0.951612
rs2582908	rs6484375	0.951612
rs2582908	rs11030376	0.951612
rs2582908	rs1596297	0.951612
rs2582908	rs11030377	0.951612
rs1198982	rs7520981	0.828033
rs1198982	rs7549876	0.846096
rs1198982	rs10627301	0.814967
rs1198982	rs4660253	0.824408
rs1198982	rs3120047	0.822876
rs1198982	rs3120124	0.830929
rs1198982	rs1209384	0.860814
rs1198982	rs45530839	0.93446
rs1198982	rs6690243	0.938731
rs1198982	rs4660729	0.938325
rs1198982	rs1556580	0.942808
rs1198982	rs45626834	0.947311
rs1198982	rs3120122	0.942808
rs1198982	rs1556581	0.951651
rs1198982	rs2275180	0.91869
rs1198982	rs1467808	0.951651
rs1198982	rs1467809	0.947311
rs1198982	rs2282226	0.956205
rs1198982	rs3120276	0.973518
rs1198982	rs2991990	0.978034
rs1198982	rs1198982	1
rs1198982	rs45475401	0.995573
rs1198982	rs1098184	0.852642
rs1198982	rs866332	0.899037
rs1198982	rs12076751	0.899037
rs1198982	rs1209702	0.90319
rs1198982	rs1199038	0.886018
rs1198982	rs12058355	0.89459
rs1198982	rs839993	0.881954
rs1198982	rs710252	0.886018
rs1198982	rs1749959	0.886018
rs1198982	rs35732878	0.886018
rs1198982	rs111888775	0.886018
rs1198982	rs1199036	0.886018
rs1198982	rs1760670	0.886018
rs1198982	rs839995	0.886018
rs1198982	rs839996	0.886018
rs1198982	rs72669002	0.886018
rs1198982	rs1760669	0.886018
rs1198982	rs839763	0.886018
rs1198982	rs839764	0.886018
rs1198982	rs839765	0.881564
rs1198982	rs652941	0.881564
rs1198982	rs839766	0.881564
rs1198982	rs11587504	0.885663
rs1198982	rs685756	0.877541
rs1198982	rs143796540	0.881564
rs1198982	rs4141739	0.881227
rs1198982	rs4141740	0.87713
rs1198982	rs4141741	0.886018
rs1198982	rs66559745	0.890148
rs1198982	rs11210839	0.886018
rs1198982	rs11172	0.873137
rs1198982	rs839752	0.886018
rs1198982	rs839754	0.886018
rs1198982	rs839755	0.881564
rs2311059	rs7634751	0.809049
rs2311059	rs16943	0.989609
rs2311059	rs2311059	1
rs11596214	rs11596214	1
rs11596214	rs11599236	0.974649
rs11596214	rs9787523	0.962286
rs11596214	rs3896224	0.941595
rs7613360	rs3796386	0.864112
rs7613360	rs11130222	0.864112
rs7613360	rs2883059	0.861036
rs7613360	rs952594	0.876864
rs7613360	rs55692411	0.876864
rs7613360	rs34654589	0.872045
rs7613360	rs7613360	1
rs7613360	rs7627864	0.847986
rs7613360	rs7615206	0.847986
rs7613360	rs3774759	0.847986
rs7613360	rs3733134	0.847986
rs7613360	rs2352984	0.847986
rs7613360	rs868891	0.847986
rs7613360	rs11709573	0.847986
rs7613360	rs35275715	0.847986
rs7613360	rs34034116	0.847986
rs7613360	rs6774354	0.847986
rs73145587	rs73148196	0.83177
rs73145587	rs143975223	0.83177
rs73145587	rs73150104	0.841433
rs73145587	rs112919083	0.946232
rs73145587	rs7807405	0.804697
rs73145587	rs73145545	0.946232
rs73145587	rs73145549	0.946232
rs73145587	rs73145552	0.946232
rs73145587	rs73145558	0.967582
rs73145587	rs112788138	0.967582
rs73145587	rs73145581	1
rs73145587	rs73145583	1
rs73145587	rs73145587	1
rs73145587	rs7459325	1
rs11255890	rs11255890	1
rs11255890	rs11255891	0.988163
rs11255890	rs7923068	0.980314
rs11255890	rs139606309	0.984249
rs11255890	rs7087891	0.992102
rs11255890	rs7079263	0.992102
rs11255890	rs7088921	0.992102
rs11255890	rs7090156	0.992102
rs11255890	rs10795674	0.992102
rs11255890	rs4749820	0.992102
rs11255890	rs10795677	0.992102
rs11255890	rs61407295	0.992102
rs11255890	rs3928823	0.992102
rs11255890	rs11255912	0.992102
rs11255890	rs9665552	0.992102
rs11255890	rs9665567	0.992102
rs11255890	rs11255914	0.992102
rs11255890	rs10795678	0.992102
rs11255890	rs2027105	0.988224
rs11255890	rs201239862	0.988224
rs11255890	rs34596206	0.988224
rs11255890	rs1556593	0.988224
rs11255890	rs982013	0.980363
rs11255890	rs1334561	0.980363
rs11255890	rs7902526	0.988224
rs11255890	rs7917006	0.980363
rs11255890	rs2039494	0.980363
rs11255890	rs2039495	0.980363
rs11255890	rs2039496	0.980363
rs11255890	rs2986300	0.968409
rs11255890	rs2991809	0.968409
rs11255890	rs169693	0.968409
rs11255890	rs11432562	0.968409
rs11255890	rs401305	0.968409
rs11255890	rs290356	0.968409
rs11255890	rs2243792	0.968409
rs11255890	rs5020655	0.968409
rs11255890	rs2483937	0.968409
rs11255890	rs2483936	0.968409
rs11255890	rs2104525	0.980363
rs11255890	rs12248966	0.980363
rs11255890	rs7075267	0.980363
rs11255890	rs2244336	0.968409
rs11255890	rs959606	0.972528
rs11255890	rs35346823	0.941409
rs11255890	rs959607	0.972528
rs11255890	rs6602338	0.972528
rs11255890	rs7068268	0.972528
rs11255890	rs12769121	0.972528
