rsid	chr	pos	effect_allele	other_allele	beta	se	p	eaf	N_total	INFO
rs549845	1	44076469	G	A	0.0788019382374035	0.0102	9.033e-15	0.326	225534	0.999
rs4916723	5	87854395	A	C	-0.0852964846220847	0.011	9.477e-15	0.573	79260	0.957
rs2582895	11	28602173	C	A	0.0724973901482592	0.0096	4.094e-14	0.618	225534	1
rs77960	5	103964585	G	A	-0.0732053027592748	0.01	2.462e-13	0.682	225534	0.996
rs6082363	20	21250843	T	C	0.0703000168001571	0.0101	4.375e-12	0.291	225534	0.999
rs9969232	7	114158954	G	A	-0.0683002542587931	0.01	9.983e-12	0.382	223155	0.997
rs188582	5	88167740	G	C	0.0595039941477318	0.0093	1.624e-10	0.528	225534	0.999
rs17576773	4	112217523	C	T	0.0963005982689046	0.0151	1.625e-10	0.88	223155	0.999
rs114142727	3	87015142	C	G	0.25060306421036	0.0403	5.126e-10	0.988	223822	0.982
rs2886697	3	20724204	G	A	0.0587970705084571	0.0096	7.898e-10	0.643	225534	0.999
rs76284431	14	98690923	T	A	-0.0816005872046058	0.0134	1.194e-09	0.842	225534	0.998
rs1162202	16	61966703	C	T	0.0613960888650743	0.0102	1.922e-09	0.606	225010	0.968
rs704061	12	89771903	T	C	-0.0559039069452338	0.0094	2.299e-09	0.56	225534	1
rs17718444	3	71499401	C	T	0.0611985747210087	0.0103	2.873e-09	0.66	225534	0.996
rs113551349	1	44475123	C	T	0.0654037717003168	0.0111	3.517e-09	0.713	221040	0.962
rs2025286	6	70858701	A	C	-0.0548997899816623	0.0093	3.997e-09	0.55	225534	0.999
rs1438898	2	145714354	A	C	0.0628996789690455	0.0108	4.877e-09	0.769	225534	0.999
rs10875612	5	144474779	C	T	-0.0542978034078492	0.0093	5.624e-09	0.47	225534	0.998
rs9877066	3	43691501	G	A	-0.118299418959295	0.0204	6.597e-09	0.951	225534	0.997
rs7844069	8	93277087	T	G	0.0551981604647623	0.0095	6.736e-09	0.399	225534	0.991
rs4925811	8	145802447	T	G	-0.0579999442979887	0.0101	8.303e-09	0.531	223916	0.963
rs76857496	18	5871800	C	A	0.0800027068735152	0.014	1.242e-08	0.859	225534	0.988
rs7506904	18	50625779	G	A	-0.0559039069452338	0.0098	1.242e-08	0.372	225534	1
rs113369914	20	21420694	C	T	-0.189104509090787	0.0333	1.308e-08	0.981	225534	0.962
rs6537401	4	147099654	G	A	-0.0568031828243105	0.01	1.395e-08	0.655	225534	0.995
rs2582908	11	28522535	C	G	0.0520040417467951	0.0093	2.083e-08	0.506	225534	0.999
rs1198982	1	43782846	G	A	-0.0527996915922012	0.0095	3.132e-08	0.38	225534	0.996
rs2311059	3	51884072	G	A	-0.0580953231907121	0.0105	3.163e-08	0.308	220164	0.981
rs11596214	10	106453832	G	A	0.0528011569911275	0.0095	3.167e-08	0.569	225534	0.997
rs7613360	3	49916710	C	T	-0.0534007767271153	0.0097	3.175e-08	0.614	223155	0.995
rs73145587	7	67685754	A	T	0.101301288129999	0.0184	3.665e-08	0.901	79260	0.984
rs11255890	10	8784773	C	A	0.053000336561653	0.0097	4.144e-08	0.401	225534	0.996
